<?xml version="1.0" encoding="UTF-8"?>
<beans xmlns="http://www.springframework.org/schema/beans"
xmlns:xsi="http://www.w3.org/2001/XMLSchema-instance" xmlns:context="
http://www.springframework.org/schema/context"
xmlns:p="http://www.springframework.org/schema/p"
xsi:schemaLocation="http://www.springframework.org/schema/beans
 http://www.springframework.org/schema/beans/spring-beans.xsd
 http://www.springframework.org/schema/context
 http://www.springframework.org/schema/context/spring-context.xsd">
 
<!-- this is our bean-->
<!--metadata-->
	<bean class="com.springcore.ci.Certi" name="cer">
		<constructor-arg>
			<value>Android Using Kotlin></value>
		</constructor-arg>
	</bean>
	<bean class="com.springcore.ci.Person" name="person">
		<constructor-arg>
			<value>Sukumar</value>
		</constructor-arg>
		<constructor-arg>
			<value>12</value>
		</constructor-arg>
		<constructor-arg ref="cer" >
			
		</constructor-arg>
	</bean>
	
	<bean class="com.springcore.ci.Addition" name="add">
		<constructor-arg value="12">
			
		</constructor-arg>
		<constructor-arg value="34">
			
		</constructor-arg>
		
	</bean>

</beans>