<?xml version="1.0" encoding="UTF-8"?>
<beans xmlns="http://www.springframework.org/schema/beans"
xmlns:xsi="http://www.w3.org/2001/XMLSchema-instance" xmlns:context="
http://www.springframework.org/schema/context"
xmlns:p="http://www.springframework.org/schema/p"
xsi:schemaLocation="http://www.springframework.org/schema/beans
 http://www.springframework.org/schema/beans/spring-beans.xsd
 http://www.springframework.org/schema/context
 http://www.springframework.org/schema/context/spring-context.xsd">
 
<!-- this is our bean-->
<!--metadata-->
	<bean name="emp1" class="com.springcore.collection.Emp">
		<property name="name" value="Radhe"></property>
		<property name="phones">
			<list><!--list allow duplicates-->
				<value>8553754904</value>
				<value>8553754905</value>
				<value>8553754906</value>
			</list>
		</property>
		<property name="addresses">
			<set><!--set doesn't alow duplicate-->
				<value>DELHI</value>
				<value>KOLKATA</value>
				<value>BANGALORE</value>
			</set>
		</property>
		<property name="courses">
			<map>
				<entry key="java" value="2month">
				</entry>
				<entry key="python" value="1month">					
				</entry>
				<entry key="c" value="1month">
				</entry>
			</map>
		</property>
		<property name="channel">
			<props>
			<prop key="name">Sukumar</prop>
			<prop key="channelName">Learn Code with youtube</prop>
			</props>
		</property>
	</bean>
	



</beans>